corte,produto,custo_por_peca,valor_de_venda,data_do_corte
481,Blazer los angeles,97.13,379.90,2026-09-10
480,Blazer filadelfia ref:97,100.46,379.90,2026-09-04
479,Calça Marrocos ref:92,65.11,279.90,2026-09-02
478,Calça Barcelona ref:100,59.95,279.90,2026-09-01
477,Blazer frança ref:80,90.14,419.90,2026-08-28
476,Blazer Filadelfia ref:97,100.89,379.90,2026-08-24
475,Blazer Los angeles ref:97,98.23,379.90,2026-08-20
474,Colete Berlim ref:88,58.25,239.90,2026-08-19
473,Camisa Sarah ref:24,44.54,199.90,2026-08-17
472,Blazer Espanha ref:91,101.02,419.90,2026-08-13
471,Calça toquio ref:86,68.68,289.90,2026-08-12
470,Calça Marrocos ref:92,65.22,279.90,2026-08-11
469,Calça espanha ref:93,73.18,289.90,2026-08-10
468,Calça barcelona ref:100,59.49,279.90,2026-08-03
467,Blazer Las Vegas ref 80,90.17,369.90,2026-08-03
466,Vestido  curto Listrado ref:116,50.45,259.90,2026-07-31
465,Calça Leggi ref:119 (Lucio),39.81,199.90,2026-07-31
464,Vestido Patmos span ref124,102.08,299.90,2026-07-31
463,Camisa vestido f50 ref:121 (yonny),67.58,279.90,2026-07-30
462,Camisa munique ref:96,52.43,199.90,2026-07-29
461,Calça Listra leeds ref:118,62.11,279.90,2026-07-28
460,Calça Nova ref:117,75.02,289.90,2026-07-28
459,Calça Listra fina ref:113,74.26,289.90,2026-07-27
458,Camisa Viena ref: 54,52.62,199.90,2026-07-24
2036,Casaco  Londres ref:95,120.24,419.90,2026-07-23
457,Regata Thais ref:33,33.43,129.90,2026-07-23
456,Calça Nova Londres ref: 105,57.68,269.90,2026-07-23
455,Calça Nova Atlanta ref:115,78.73,289.90,2026-07-22
454,Calça Nova ref:114,71.99,289.90,2026-07-21
453,Blazer Las Vegas,90.91,369.90,2026-07-17
452,Camisa Aurora ref:78,53.10,219.90,2026-07-16
451,calça ref:112 conj,62.96,279.90,2026-07-16
450,Camisa ref:110 conj,59.50,229.90,2026-07-15
449,Camisa listrada noruega ref:109,60.34,219.90,2026-07-14
448,Blusa Sophia,42.94,179.90,2026-07-13
447,Calça Marrocos ref:92,68.16,279.90,2026-07-10
446,Calça Barcelona ref:100,60.21,279.90,2026-07-08
445,Blazer filadelfia ref:97,102.16,379.90,2026-07-06
444,Blazer Los Angeles ref:97,100.38,379.90,2026-07-01
443B,colete zurique Listrado ref:101,61.13,249.90,2026-06-25
442A,Colete zurique ref:101,59.46,239.90,2026-06-25
441,Calça Barcelona ref:100,61.05,279.90,2026-06-19
440,Blazer Las Vegas ref:80,90.21,369.90,2026-06-19
439,Casaco  europa ref:89,122.81,419.90,2026-06-17
438,Calça Miami ref:108,78.34,289.90,2026-06-16
437,Blazer Miami ref:80,98.44,419.90,2026-06-11
436,Calça Marrocos ref:92,64.60,279.90,2026-06-08
435,Calça italia     ref:82,59.42,279.90,2026-06-08
434,Blazer novo las vegas,90.55,369.90,2026-05-29
433,Calça Nova montreal,71.01,289.90,2026-05-28
432,Blazer Novo montreal,101.30,399.90,2026-05-27
431,Camisa Teodora,89.52,249.90,2026-05-25
2035,Casaco  europa ref:89,122.09,419.90,2026-05-25
430,Calça Italia,58.32,279.90,2026-05-22
2034,Casaco  Londres ref:95,117.39,419.90,2026-05-22
429,Calça Nova Londres,54.88,259.90,2026-05-20
428,Calça Listrada miami ref:104 conj (yonny),77.77,289.90,2026-05-19
426,Colete Citizen ref:102,67.44,239.90,2026-05-14
425,Calça Suecia ref:103,64.44,289.90,2026-05-14
427,Blazer Listardo Miami ref:80 conj,101.88,419.90,2026-05-13
424,Calça nova Alemanha ref:94,66.85,289.90,2026-05-11
423,blazer Citizen ref:90,107.03,419.90,2026-05-08
422,Calça Itália ref:82,56.51,279.90,2026-05-07
421,Calça Nova Barcelona ref:100,59.22,279.90,2026-05-06
420,Colete Novo Zurique ref:101,56.52,229.90,2026-05-04
419,Blazer Novo Filadélfia,99.98,379.90,2026-04-29
2033,Calça Nova Barcelona,57.06,279.90,2026-04-27
418,Camisa Layla ref:06,47.58,189.90,2026-04-27
417,Calça barcelona,59.17,279.90,2026-04-24
416,Calça Marrocos (GG com Rafael),72.43,279.90,2026-04-16
2032,Blazer Roma,89.11,419.90,2026-04-16
415,Calça Marrocos,65.08,279.90,2026-04-14
2031,Blazer Novo las vegas,88.59,369.90,2026-04-13
414,Regata Thais ref:33,31.23,129.90,2026-04-10
2030,Blazer novo los angeles,100.31,379.90,2026-04-10
413,Camisa Sarah ref:24Lz,44.31,189.90,2026-04-09
412,Blazer Las Vegas ref:80,88.40,369.90,2026-04-02
411,Camisa Viena ref:54,50.15,199.90,2026-04-01
2029,Blazer novo filadelfia,100.56,379.90,2026-04-01
410,Calça nova espanha (Yonny),75.82,289.90,2026-03-30
2028,Blazer las vegas,88.38,369.90,2026-03-30
409,Camisa munique,52.65,199.90,2026-03-27
408,Blazer espanha ref:91,102.17,419.90,2026-03-24
407,Calça barcelona,53.65,279.90,2026-03-20
406,Calça Marrocos,64.06,279.90,2026-03-17
2027,Casaco novo Londres,119.05,419.90,2026-03-17
405,Calça França,73.65,289.90,2026-03-16
2026,Casaco Novo Europa,120.49,419.90,2026-03-12
404,Blazer França,97.74,419.90,2026-03-11
403,Calça Barcelona 45LS,61.91,269.90,2026-03-09
2025,casaco Londres,129.55,419.90,2026-03-09
2024,casaco Novo Europa,117.70,419.90,2026-03-05
402,Blazer Las Vegas,87.98,369.90,2026-03-03
2023,Casaco Longo,97.86,429.90,2026-03-02
401,Colete berlim ref:88,59.32,239.90,2026-02-27
2022,casaco Jaqueta Dubai,91.63,399.90,2026-02-24
400,Colete barcelona,67.46,299.90,2026-02-24
399,Calça Tóquio (Yonny),66.95,269.90,2026-02-20
398,Calça Toronto ref:84,56.72,279.90,2026-02-19
397,Calça Itália,59.65,269.90,2026-02-18
2021,Casaco,104.56,429.90,2026-02-17
396,Colete Zurique,59.18,229.90,2026-02-12
395,Blazer Las Vegas Novo,88.30,359.90,2026-02-09
394,Calça Barcelona,59.47,269.90,2026-02-05
393,Blazer los angeles,97.66,369.90,2026-01-29
392,Calça Barcelona,59.49,269.90,2026-01-27
2020,Blazer casaco roma,90.69,419.90,2026-01-26
2019,Casaco Europa,103.92,419.90,2026-01-24
2018,casaco londres,121.91,419.90,2026-01-22
391,Calça Marrocos,64.07,269.90,2026-01-21
390,Calça Barcelona,59.48,269.90,2026-01-19
389,Blazer Las Vegas,85.70,359.89,2026-01-15
388,Camisa Babado Pietra,46.05,199.90,2026-01-13
387,Blusa Gola Dupla,55.82,199.91,2026-01-12
386,Camisa Mônaco,117.58,299.90,2026-01-12
385,calça Mônaco,119.53,299.89,2026-01-09
384,Blazer bicudo listrado,115.01,399.90,2026-01-07
